{"cameraMode":{"drawMode":0,"name":"Shaded","section":"Shading Mode"},"sceneLighting":false,"audioPlay":false,"sceneViewState":{"m_AlwaysRefresh":false,"showFog":true,"showSkybox":false,"showFlares":true,"showImageEffects":true,"showParticleSystems":true,"showVisualEffectGraphs":true,"m_FxEnabled":true},"in2DMode":false,"pivot":{"x":0.000003814697265625,"y":0.5999994277954102,"z":0.0000035762786865234377},"rotation":{"x":0.07704945653676987,"y":0.3700129985809326,"z":-0.030887383967638017,"w":0.9253833889961243},"size":1.4564348459243775,"orthographic":false}